{
  "project_info": {
    "project_number": "1024561788058",
    "firebase_url": "https://cloud-anchors-204913.firebaseio.com",
    "project_id": "cloud-anchors-204913",
    "storage_bucket": "cloud-anchors-204913.appspot.com"
  },
  "client": [
    {
      "client_info": {
        "mobilesdk_app_id": "1:1024561788058:android:9984baff5b64c565",
        "android_client_info": {
          "package_name": "com.google.ar.core.codelab.cloudanchor"
        }
      },
      "oauth_client": [
        {
          "client_id": "1024561788058-73r8sdrjv1a82p3e3q3nrqjf8i3j87qq.apps.googleusercontent.com",
          "client_type": 1,
          "android_info": {
            "package_name": "com.google.ar.core.codelab.cloudanchor",
            "certificate_hash": "a41681315d91d6a189dbbf5d1b27f29aaa4fdf81"
          }
        },
        {
          "client_id": "1024561788058-h142miqc3lor4668bjt5k3m8s4ct806k.apps.googleusercontent.com",
          "client_type": 3
        }
      ],
      "api_key": [
        {
          "current_key": "AIzaSyBPFQS0QxEmvSGhVNxw6q5bMMYAf4HETvY"
        }
      ],
      "services": {
        "analytics_service": {
          "status": 1
        },
        "appinvite_service": {
          "status": 2,
          "other_platform_oauth_client": [
            {
              "client_id": "1024561788058-h142miqc3lor4668bjt5k3m8s4ct806k.apps.googleusercontent.com",
              "client_type": 3
            }
          ]
        },
        "ads_service": {
          "status": 2
        }
      }
    }
  ],
  "configuration_version": "1"
}